Category1,Value1,Value2
C,7.738868911229595,21.586581079809996
C,14.872656315451172,34.723377934091786
B,13.069445828830318,7.8976748324766195
A,11.22798084856933,24.51689164671036
B,10.16033089744961,19.750610600474083
C,9.587824459890387,23.821375357892098
A,8.097957596222997,16.510058352042375
C,10.171295099802126,20.143829585073053
B,10.534385360303986,24.68524453150596
B,7.514179546481451,39.02842719966448
C,10.688312548758523,25.262350087255193
B,9.702528680173293,15.371126186666967
B,6.172678130088004,17.905333232046562
B,8.282317341183965,17.728219377688387
D,9.18218674609473,9.711629877523816
C,13.817277297573549,18.464783084979796
B,11.136206880068107,24.81316855406823
B,7.325413815222572,12.825806502459349
B,10.994177208456069,26.698439225204115
C,6.898777130802685,23.349558902088738
C,12.195914072054737,16.051000176395167
B,9.06633609165486,19.590978754945663
B,9.826644780496524,29.982405372947944
B,12.685558957237514,24.817461246743303
C,7.422732274493839,20.488739049646938
C,7.201270008751363,19.016691847440836
B,8.839798115842491,20.893832731980478
B,12.10666378719227,17.37972179472675
B,6.9550878438594905,7.865463190865633
D,4.310926274756429,32.63337775078122
B,9.10654968145462,21.363971030057982
C,11.126514260075353,22.81424988279528
C,12.432716068280548,20.090418353491238
A,9.082375147063305,16.045723516331705
B,9.186575374528601,19.325826370279742
B,12.33933922013046,10.883741991938827
C,6.249347500293186,34.03639141392041
C,9.232710567381291,13.063038663992195
C,10.39877708938891,14.272762020473785
A,10.920022049580654,17.806788280769684
B,8.988425651907473,28.129431423864546
D,10.084608182998057,20.522934208088916
E,5.003439099600671,13.053340379845347
B,8.689445577309911,27.927931839351068
D,10.928662625270313,24.80224793415641
C,8.03677741384305,23.652131336415888
A,10.134041258580009,24.71106800825268
C,10.915296469879197,34.736829800769634
E,9.325303032629495,33.486962900937705
C,10.358574928698035,16.334805781123144
B,8.076176643962958,30.135083903970987
B,9.59909890379173,22.724785944425157
D,11.244290923465385,23.417174611280345
B,10.331402760308439,10.329030919891142
A,8.83389281774251,19.41863281243417
A,10.466839413944557,15.5816123967854
A,11.454552653041555,25.38193710377456
C,5.886403148478465,26.83340700877315
D,12.349758951238258,8.046212732575045
B,9.337980861894776,20.30467254294936
B,10.872229320820132,27.136701340162794
B,12.426643833766102,19.321320159270584
E,7.252518370257386,24.790679128027726
C,8.58633733729879,22.53364667240925
B,9.43406676226734,22.476875757120478
E,8.436662687127647,18.815823583976876
E,13.50961763150114,13.170134410666995
E,8.289594205035126,13.737833409942171
D,8.896299432325621,24.672952544399784
B,10.42690462068359,20.552494107210602
C,7.593961123887926,19.609000417213696
A,9.218289565097399,17.904554642879297
E,10.654630033791197,18.613508720543965
C,9.344817473109277,26.68905713643829
C,9.827146961785992,18.43400099055563
C,8.949099030389904,12.426642539017696
B,6.964908243268345,24.877808111605585
A,10.662968407892524,19.212632672857833
D,13.54989305975413,20.62379260732778
D,10.052302876023942,30.037690683579456
B,10.468949638076806,20.31347797829226
B,11.410469442807951,22.163454567132398
B,7.458650298341,13.395046258233144
C,13.4443158589896,19.124281350407834
E,10.422755050930467,24.076729554957083
B,13.302002349076137,11.146661729770505
A,8.538820130568745,21.63584407815125
E,13.677042412803097,21.03826201759084
C,11.576499225898953,20.682871060539995
A,11.12913118347086,26.630807047546007
C,10.486594045972735,22.433743371559718
A,9.51467217370761,29.26420146435654
B,12.433259698024287,14.501970883270378
A,10.297941929679782,21.24810012287768
C,6.053316801969381,20.940763680478106
E,7.765087296973011,14.050054674916868
C,9.640923257469652,26.147839809368477
C,10.639616191114905,34.32060810532858
B,9.901263453236002,20.334707461982152
A,12.470398400602877,23.45256385716729
B,6.085478015723465,20.941072400439406
B,10.304443657196291,16.174326195580033
C,6.353603557952654,9.561615601302282
D,11.545394704330857,16.220979244487566
B,9.824988111485878,12.12267531570451
A,10.86038634801455,30.614188000628154
E,8.275272035448829,19.748774355275213
B,12.59224112212122,18.370242071360977
A,12.113402670559594,25.746832804425885
C,11.19057046869709,13.73651373282131
C,9.754375869192003,15.856110151655582
B,11.183144356695944,20.84284588278145
B,8.591470201047851,26.580697536407293
C,11.738435152429135,23.432639025527255
A,13.337499266253015,21.91942314496463
B,12.171582455642529,20.90284337449427
C,8.54572963579796,22.826724185692424
B,10.743179107631326,21.640668811483582
C,7.410691889392515,14.284671427445781
B,11.168104942627297,20.711490334546607
D,10.92281099054366,14.023571205863812
A,6.249197166383781,20.92055096750415
B,7.675262625475014,17.56556274453279
B,9.444962770191276,35.602973749873826
B,9.409270774677925,20.198004879210657
E,7.579202810628415,12.049324779773542
D,10.798691217616264,19.634873897862477
A,10.521738812351856,23.53819686612521
A,9.623957523501776,30.43060161283415
C,8.49298167320919,16.915717869004734
E,12.127466217712218,10.985077732255931
C,13.349435407510903,25.314913825702774
A,9.041286765972337,12.190522044831132
A,8.782259436821493,17.83129839106502
C,11.00459300254342,18.897615230551462
B,9.294124028062555,20.020385485444784
C,9.734476414098534,24.552377470338193
B,11.504993095320915,16.353207706435647
E,6.169559198921364,18.801404104542396
B,12.670464459749155,20.351046816502613
C,10.161627314834824,21.329765734235696
A,9.186441359840973,21.020559858016664
C,9.83551102521592,23.040363399961837
B,9.939567754929882,25.47618878941855
A,6.528385079788314,22.781322078336327
A,13.026231124545475,23.145360102301428
A,10.098474664617356,10.986300963007963
C,10.907501062872086,20.736267507321973
C,11.931779225772154,23.300181834972978
E,7.958491577714919,24.78994778129048
B,10.968870964392783,16.30114763734223
E,9.476177277638243,16.500103704528158
A,11.720741304430874,17.007407490365132
B,5.730739251789833,23.640060381194246
B,9.81565146545355,26.611229817130273
B,8.801083969021747,18.00268397725627
C,10.885871019780355,25.859168275441277
C,10.961967127009174,21.173772633328166
E,8.589993189645654,19.693969333906303
A,8.580833014025334,19.173765622305798
A,9.7923458955081,24.895484536018603
B,8.209290800079943,22.38082201786853
B,11.711099530721178,34.0288595521523
A,9.271610507698089,15.346285898895063
B,4.160204073469678,23.530689054785945
B,9.260301489400828,17.275574971142028
C,7.923483351448322,15.244379442439488
C,6.729647433957592,20.37137284407349
D,7.522908634856967,21.25662846290839
D,10.235601966623076,37.86534424081992
C,12.691287490729113,19.336449616096786
A,10.646032165360168,13.686178939049238
C,8.793666488117234,22.066860066463075
C,10.933487425033036,8.045294825299761
B,9.09057475157972,19.88705729871763
A,8.616228217477783,20.531990351307282
E,7.690209795792312,25.182103467779104
A,6.486838723999433,26.2513284260023
A,9.229884889195914,17.428660867333214
C,10.333579079933735,19.536721455982935
B,9.820627621844427,15.860549027812374
A,9.177430603983682,13.698817991613339
B,8.1103895757327,22.28715359989717
B,11.240323143085517,12.829668205547685
B,7.362372289594665,17.959879629406256
E,11.578256387840954,14.49250764043127
B,7.996650046160671,23.719312443941057
A,8.499741603703793,31.195488773846773
B,7.060951999619975,12.66242102991987
D,9.005353452904448,9.368950433223535
B,11.979640233062934,19.690379158642042
A,11.053778770142673,20.5300344083138
E,11.985903461862332,21.74224114690572
E,11.06689969731572,17.77058653086334
B,7.79231147639366,19.23794073463891
E,9.348989087200723,22.631268383361316
A,8.443821674463063,26.65034933979422
A,12.695182959789644,8.759564932176406
B,7.60475860189379,18.232752296397454
B,11.815257942886468,21.713271002279267
C,11.813759798394424,14.953579101798109
A,13.700322223794968,30.775851514429366
A,9.190079979999217,16.64123248960051
C,11.449945079726858,20.18965338132162
C,14.610770126716398,23.75717218422498
B,8.771232590079602,16.90477375394118
C,6.923477830454928,9.40744640136201
B,6.228665798770703,17.87609830991138
C,11.450730324922347,26.58470851865416
C,6.222341097687464,18.4241399692893
D,9.26534284995934,15.380869259079368
B,10.896042823675929,25.964942296513946
B,10.38820625385184,18.460693623932055
B,10.872138546138864,17.389294335961058
B,10.46295910580367,21.328918415107438
B,12.591034423301487,25.039656061327584
D,8.097156134435783,34.66128622656362
B,8.65168734055829,25.377023407323936
B,8.459007534960534,27.363531278924846
C,11.687349211366254,17.41434706708964
A,11.828754386448544,14.309183962187578
C,10.924063587452883,20.808557699602396
B,12.398943065044211,21.076360255880477
A,7.642518959367747,13.994758919107808
B,13.373236311342641,19.389314754045692
B,13.08323163650097,22.821239828343195
D,11.496873849102387,22.588761337857573
B,13.604004195314808,23.448184542732182
A,6.678594635191887,22.174092097920383
A,8.958935965537043,17.4081208748731
B,8.534247131507442,17.366957950603318
D,11.468388746673067,13.27542769922362
B,7.900125715499083,31.096014858902087
C,11.540929096386161,20.516611412977007
D,12.775669864499022,19.093321790636523
A,11.41546476306946,14.888979661439489
D,10.586749537886524,37.969771151588745
B,8.025539996714794,14.025725082763426
A,8.309576589484664,17.874943218023407
B,12.532127514980335,22.919902512610413
C,11.584945476058014,24.021106310731014
D,9.93664954178794,26.15761726333469
B,9.17351793021749,31.232389900525096
C,5.93501082702198,23.45935211173561
B,7.858409819234767,14.129034431503435
A,13.86507534715648,18.901648884082896
A,7.436243015470034,22.274835680643694
D,10.396875617665396,32.7889526662738
C,12.04435709785372,12.087752975357683
B,7.48766945601356,27.618779282145184
B,10.387269561075342,21.51083336033411
B,11.904318185561173,25.440299623803508
B,10.040414892253013,19.82710479231978
B,15.792560018924004,15.40476961799945
E,6.654473379375403,24.920936237255678
A,12.147650570019163,24.34492878858261
A,9.667195524722823,26.241979621753266
B,11.569982850580859,20.356814655647245
E,10.904087164976787,16.853784316728003
C,8.538571987259791,11.126275705889318
B,10.476466904298743,25.33006185776383
C,6.273195232181289,22.967997700203767
A,11.230255157813888,14.668050109286423
B,10.615767917673296,17.219595855740053
A,11.301580673328708,17.648516878798745
A,12.146421541706239,11.57901365289893
B,10.755671759838446,15.552592718733788
D,10.313510204111441,13.664369250952625
E,8.240658551789943,17.972708096863677
C,8.580738552656797,16.024337462648365
A,12.405470747836013,10.718837718884918
A,12.90819775684547,32.5163884873799
C,9.535655686822894,27.917195326495396
A,10.10789495558737,15.78351097879009
B,8.193233903666998,22.063340292238067
A,12.377317771641762,22.92962741020194
E,11.355471902618028,27.55015029010849
A,13.925092926818174,15.54708222383539
B,8.246187845638891,26.95898846775202
C,9.253884806794115,17.16386181125561
B,10.481400562344199,12.45771382027868
B,11.317349995901248,24.761251644713653
B,9.580858273316132,28.145454097917177
B,8.256987553433962,35.89280792262309
C,11.790504031964268,13.270805705106316
A,11.467695966036027,24.610641488374615
B,8.16974976699154,17.98870131900533
E,12.745269995718221,25.11496152047927
E,12.37216536760261,11.653640504979409
E,10.285729543547344,12.894266427833426
B,10.175559693529696,15.802292388621261
A,11.131180928096358,20.90789804325709
D,8.279662605554657,16.607359600723232
C,10.075726836326197,24.372541983650883
B,5.68007169046966,26.569502666143542
B,11.780530323204712,24.017311178065587
A,6.870198250715269,30.104639482201485
D,13.043314123227255,22.919841551352654
A,9.350336798925124,13.168247631108162
A,9.588916091034445,28.579172476278
B,8.750905586042022,16.82192523146166
C,9.435093607056038,25.87383807800456
E,12.872338165724551,29.83555366947624
A,5.004483819590082,23.163889999428697
C,12.587206726634811,11.50032842049714
D,10.696061013580485,14.952169199873195
B,7.584148064985214,28.336493750830183
A,7.8494268764610675,19.42617667517295
B,13.391703647230123,20.911538275349525
E,8.110871315503037,24.96842813672024
A,7.6922484070908705,24.595131718430085
C,12.305932567893498,22.101435980929146
E,10.697127281288642,19.189986343564655
A,8.126141002967305,18.568836103596777
D,10.451549332505225,25.560159376271717
A,7.94924629179574,23.742524004148997
B,12.232430839665684,18.89952935676007
C,12.152972762558887,26.899295548468228
E,11.086766320346543,19.665609438187868
B,10.743670038293704,15.349645295958899
E,13.562491514482115,15.90325386284881
D,10.014607928555519,14.590656018775505
B,7.634798301168088,18.80928336319123
D,10.920536037078781,27.804812290613164
B,14.216797770783948,15.627771049243652
B,7.971387943893987,21.5619670772286
B,9.287208759959608,16.51413887836214
E,10.854013791797323,18.881557578058384
C,9.90666863757623,11.417414486067594
B,8.036758186765418,19.1190924991133
A,12.27480088065535,19.279354219039732
C,14.688090114050958,23.663198474712008
B,10.410272843040897,21.769844126988072
E,8.194333787257987,13.278768010139466
E,6.89544066114895,26.911753968124124
A,10.534835398411083,21.69233255801288
D,12.23858589255476,21.62120180996564
A,10.972286611982087,20.381435373098586
D,10.010398069763934,17.343922726485356
C,8.82837334729379,21.73712283073607
C,7.815486385052433,23.27677456900662
B,11.696532640269726,10.002778800635499
E,11.855689337243954,17.21847800082708
A,6.901947769812704,18.91358305132771
B,13.217373033273507,21.96628091269981
B,11.171490503747703,27.563440214943075
A,12.83419729796857,15.82698314415342
A,7.31202758377864,17.462153814291757
C,7.264300074607859,17.37511959612836
E,9.715196996489308,15.649078822052203
B,11.02791003923518,18.362673802692854
C,13.633333700562739,25.039966698155983
B,11.437370406681188,14.142146094999205
E,9.52644944587158,22.9914396110143
E,7.94800453577032,10.271506485991072
A,12.492613754486516,17.083633791761265
C,8.072203057745206,18.46837196595793
B,13.295177802429519,30.439534981788142
A,9.442453669070762,18.794995196910598
E,13.218869717841294,7.289143880582147
A,11.382691717815733,8.497725587717332
B,9.739313759045057,20.639522752938188
A,8.969110847078444,24.102082085939124
E,9.328608862208913,22.678723314405243
B,10.877922765102058,21.43710608250585
B,10.1706424786096,27.377982753659
C,8.819229713826688,17.213518457816868
E,9.681637454776554,25.781215423931975
B,10.173503609662776,10.688915236092344
B,5.727704622937208,15.031391681393139
B,10.938047240563193,9.643552921317774
B,8.041959372068806,18.794738399746247
A,7.6922848776256245,20.159978366402765
C,6.616718441542208,21.117759752145915
C,6.4021172213088775,20.805881996927326
C,7.285199942229849,14.896378216309392
B,8.587183359734285,19.300046482964163
E,13.949346409618219,11.492636582582247
A,8.956052666767661,28.578291289252153
D,10.37325051367227,18.62284252697965
C,10.821858998977676,17.51635945319399
B,10.27922128145663,29.92637360487673
C,9.859258947573469,13.016843424492409
B,7.607769481730884,13.71360279478857
C,12.937588145883485,13.888998708892927
B,13.655158390435515,20.030909624035132
B,6.626155929116363,23.014238403489305
E,7.952718828917713,24.854059241028672
B,9.451666892446273,35.797762113168204
E,8.072540687095593,7.001330654514204
B,11.034317223562503,24.072008481547478
C,8.548408959703806,17.108763027088713
C,14.375931754898893,16.933858136955216
A,12.413152565907959,16.734630436066706
B,10.443390226175572,15.008565394766396
B,12.083717699394672,30.49726107026325
B,12.242660629253193,25.466977958427805
B,8.879379361001714,20.574818010084606
C,8.371276712718785,28.505346666736422
D,10.172629546684469,11.402556145100142
E,11.75068196574056,12.488516118024561
C,10.295324633161318,7.428160437393215
E,6.83897275842736,16.258958630286912
C,8.398251477919043,21.402037523355908
B,9.866249161613696,21.050610387642593
D,9.862839771362182,21.328236472644875
C,13.988184847698006,12.00860802366438
A,7.223687701136843,25.23319518656865
B,11.03355928518193,21.867475764810404
A,13.014498610528719,24.81451358015331
A,14.590221847024292,9.131577473527983
E,9.200733024739709,22.296686334538244
A,11.005039709751705,13.342238081870494
A,11.162807888397664,18.06322729690264
D,10.408964211149843,23.627822528219752
B,9.816153181808085,20.98034298625541
A,10.893348333135867,15.35037511444762
B,4.914981314366119,20.473744859635143
C,11.389012442720576,11.289038929997034
D,10.26937768687301,27.306358200108225
B,9.567147607040303,19.210199702982887
E,14.13787460427047,27.11692273295433
B,8.655838691779797,17.291517752462596
D,9.203394557317846,17.30917094125931
C,14.026475617486678,15.872100287592394
E,8.339364805741882,25.669309170443995
B,8.907239141547322,16.199133440642864
D,9.719112225208267,24.28618477295695
C,11.708583459804398,18.15204487825418
B,10.433779785161372,8.634650934525299
E,7.411731573524275,17.03002336027241
B,8.943386066134021,13.393942982332675
E,8.79195237770407,20.6387650537272
B,9.85970692004406,13.326455527086226
C,10.872941767725084,25.96675134280392
A,10.857558082163413,19.89231868983026
B,6.438131262050764,19.37556903844404
B,12.15814910772202,24.3536554097411
B,10.52394475592775,26.193302790053753
A,12.80385935412302,20.31623615561774
B,10.909910352009312,15.830211421181406
C,12.233441042469373,9.841077235087994
B,10.954919955977786,16.338781056003995
B,12.726705721547166,16.74991957005307
C,11.067117404180859,21.075688564397097
B,9.818026226367294,18.374855589249105
D,14.59220570916142,24.54502231005503
E,11.805870981390562,16.775177523787615
C,11.17083228814678,20.09559410221849
C,7.4446039565755235,27.507754358424002
E,7.420428017838448,22.477861127667808
B,10.604805071604785,20.077697971307856
B,10.308337485696725,16.841107971654115
B,8.778320518945167,16.654243687560598
E,10.29919638624618,15.355910077705175
B,13.214931813631921,17.205063384452593
A,11.415866730852954,24.949563235602042
D,7.7171067309778065,19.11102924530784
E,9.790647065069441,12.374631062160633
A,8.39393714933026,30.996835476204595
B,9.234363878990962,22.347300082613362
E,9.182166338568324,12.033175875053185
C,9.053202126458702,17.7972935112982
B,7.487241043775311,21.09855720845999
B,9.758127307325978,30.61711466278932
D,8.886106236505142,13.817971822193218
C,4.1149658935404725,26.265772965424457
E,14.150180558927953,28.794842335170127
E,12.20815712872698,16.681580798463038
A,9.25732326763039,18.77880161804602
A,10.053143609691478,14.246823261781788
A,7.655382204651005,19.221087016004645
B,13.43063636916645,20.217740775620825
A,13.83661498043307,24.3760995842749
C,10.330840350896121,26.94750129994494
C,12.076757652902723,15.968203640292163
E,10.368289066214226,8.686243610605436
A,7.322908506872757,20.30939139839935
C,9.18577624684742,22.189458387223905
C,10.280959028745707,21.925948473885633
C,9.099724095484294,18.48519110598385
C,9.574844823448998,21.18137150816247
B,9.831149633821251,29.48741468916569
A,9.852340355777761,22.71622112015962
B,10.120494800109618,18.206299760550735
A,7.87904926055311,17.4487992712171
A,8.571080050205607,19.42181864022238
C,7.427927311126426,30.21186141714788
D,11.984681769906345,19.34149709221337
C,5.774205018101168,20.31805425658177
C,12.338714054196119,17.55561461578176
A,12.807519722264306,27.000059450389255
C,9.40661043904781,32.141590429059086
B,4.772198022914832,23.127606720917733
B,9.28751531919918,20.930646807089175
A,9.88596482485464,20.655966778922327
A,7.979769265506021,6.195780988457088
B,8.977525814155529,24.886761560320302
B,13.097243047629767,21.237599399114895
B,11.354485663710486,22.99459108323047
D,8.153052648668291,16.187002882334948
B,6.797476384950604,18.140072924857073
A,9.356586176202182,17.981392699047056
B,9.585311216548924,26.538017334480784
C,11.014646548231095,18.174099046995202
B,8.93704530182605,32.87516276663192
B,11.04546343159507,23.00964422060019
A,13.912880492743,12.817143010206008
B,11.657760135319752,19.66852300029728
B,9.918383472717633,16.544086800292778
B,9.646351888724984,7.3301218709514036
B,9.296855675224618,29.989268674869194
B,12.393197262991114,24.635862900356138
B,8.751752445016143,23.62090876824421
E,10.106323861581556,21.424166782709026
A,10.118358642798327,12.182047753169735
A,9.004583964918972,17.54782892943115
B,7.250923484608926,25.463892801584812
D,10.66575050224464,14.157767209516807
A,9.892370121691219,5.315047154841196
B,11.022786192683526,19.079865822711945
C,8.94050235712896,19.58961750105081
B,12.47412555579788,21.245943115689006
B,8.249308320305508,24.787424055312286
A,13.463501653624098,24.244438608111082
E,6.495282531132274,21.981804876808134
A,10.890920658870847,27.576701656511446
C,10.972816197833618,11.364087767830613
D,8.412888876583859,23.4499402530467
B,10.870021849887237,24.17833722723448
B,12.592349357339454,13.032875345309018
A,5.550290997139188,11.460241589636432
A,11.027830240829818,15.981068238731844
A,4.993482342725483,16.4851592727186
D,8.070270751654686,24.93614654790155
C,13.296583278770775,16.765887079355316
C,8.843458369752746,15.32165566536685
B,7.650899535170636,16.78323774614556
E,9.616568513101576,27.117414814385075
D,14.18026012307255,20.51418062542343
E,6.326003968637252,19.365684212322194
B,7.897770857680694,19.779259641963563
C,13.031253254330727,28.153229879227773
B,13.756883148211429,15.961779147798984
B,9.806916361311773,28.293275008480222
B,7.519633539218503,21.693486813797204
C,14.236529043420767,19.47815797602234
C,13.226644880433886,35.37314160748247
B,11.382723334940808,14.131371568336656
A,8.378960386681966,18.323856333622512
A,9.916488517082453,13.075466194633243
A,9.692254567191512,26.124946667402217
B,10.681615358590562,30.525117841103437
A,12.937736969230638,30.410048932281278
C,11.786494942132718,27.746427045735256
B,7.845270360485976,19.255970987282247
B,12.78767466173269,18.254841706283635
B,10.645926758477165,10.45505898300222
D,11.399075623666674,32.59572427522648
C,12.96903529506947,23.237293584587494
C,7.7763789052182215,17.498018895636385
A,9.943082535326505,28.36822269216845
C,8.944824174590897,14.626350150148815
B,6.857375926667897,22.864866239417413
C,10.713556697324355,19.40523408037796
D,15.073826801426947,24.250837213395176
C,6.3090943934622405,20.056578893226018
E,9.950222540849566,11.770474362404531
C,11.305372798961857,20.887664847218094
B,10.263134501720813,26.700717715084657
D,9.787385743888684,20.261780107879233
B,7.398456447404071,25.065725909166776
A,10.484101141331635,14.191754520151928
B,8.49102298393304,20.279432782403774
B,5.604465169255222,16.70633033278088
A,12.421296931662893,24.897691263255577
B,11.945547878762024,20.62436416505596
A,10.119291333351041,24.557807868014326
A,10.476624601664573,26.932730806586616
B,12.17904972631339,24.567034921508213
B,10.467087659775022,22.06750341519164
A,11.83604343457056,14.474361115816748
B,9.416073572709957,20.419637535144844
C,12.65773804154361,17.252345209890592
C,10.661342031908184,18.381323457422077
E,10.406084440492071,18.19933735373528
C,7.457178794902797,14.583580056667468
A,10.593204465176601,8.745888773639647
C,8.33957908310029,16.445730560250485
B,8.729658950382795,21.59125483300494
B,8.372971832415848,12.38416346554124
E,7.867710011602971,20.529941477817438
A,14.294793432374183,31.7858099789761
E,12.696722068889322,26.546579473365306
E,13.883098567320147,30.252484298920763
E,7.552177121224341,22.7723259257309
D,10.158753613798993,27.409340219820223
A,7.409954555855146,16.11233030626586
B,8.614023742243205,16.587894913395242
A,8.166017830600854,4.07650498436686
A,12.511915981284819,27.52064340089609
C,9.217183878637584,29.63600788392882
C,12.167088488548671,17.132374646272464
C,11.232014271862148,18.919527359341718
A,14.655054507778743,15.933765369167062
B,7.0354551345188145,22.72171221881973
A,12.551491979765986,27.15504341883978
B,12.324314127018239,10.027408091572685
E,8.054733727260748,22.881688029546897
B,12.043731436881426,18.783829629383103
B,10.692277444664803,21.113536529247888
B,9.557074239904521,23.177662747524167
C,8.355731213038393,19.312221052632747
C,8.566863879119905,19.817595605511073
B,14.143816069695355,19.158888262071784
B,10.016614986446202,26.23158274510448
A,11.59054675097261,22.937361145059338
B,8.422270035718178,21.753733797662264
C,8.444518929847973,12.845398988376626
C,12.194491607564885,18.17517467172819
A,7.2970254532718535,25.803664042180735
B,9.178947561930997,20.661424176829787
D,10.083775139908797,24.37539166168581
A,10.23955796861111,30.98693594475568
C,9.654523565737641,26.639450409956872
B,10.812469946214113,20.992674789264427
A,11.410737322752496,17.38434689847664
B,11.494891040830968,5.184962382392797
A,8.029708291887834,19.430583035189645
D,9.442916014684398,18.489137507696466
A,12.421640624580192,22.76777670503971
B,11.817170350259202,19.517064380280594
B,7.250130113799936,18.52274790148013
A,10.723163914668916,9.80865014351907
B,6.03084814604821,14.822231455760118
B,10.109772431241591,23.28312107668285
C,13.837578380344866,30.68469777823189
A,8.106065942553304,19.853798303938312
B,8.334809378940795,22.394160354362025
D,11.55409065800428,26.125043342300046
B,6.907845672578261,15.593137437853425
D,8.740792418550333,22.62710926434454
B,11.216546296678825,16.013630942521274
E,8.737709161202018,25.601523253375543
C,9.53996681738382,21.340546806853666
E,11.514122231747578,22.218809411327946
D,10.864285917271506,15.762134013641372
B,10.552645121538628,24.659095201073754
D,9.332205278695183,32.88742210820149
A,10.76058879127368,14.4164303153178
A,9.76602670571226,18.407035171112387
B,10.937317110707639,21.81957529625231
A,9.014356833808893,25.133163010039603
B,9.647523095309635,17.09433495536811
A,8.021341651978638,3.515737614879953
A,9.94473002596744,28.55416510872262
C,8.381783152306916,24.978472268785737
E,7.771411670547936,10.026359563211306
A,10.536215409182917,16.80751601249547
B,10.443724057662797,29.80239509857385
B,11.592044722525438,29.083378309253952
B,9.146899215430478,26.04239378204484
B,10.837108861263516,19.384429745040205
B,11.124614482364763,20.931928018291913
B,10.911069441354599,19.654311141521372
D,8.352270553053888,27.17479620907193
A,10.316076324305904,15.20522658203393
B,10.748663525380852,15.623563512803626
A,10.02969802886851,26.47023796316676
B,5.812814337871274,20.17132487240675
A,10.338485756744033,28.669303950905345
C,14.471552249121386,16.42560794288232
A,9.290075861754518,20.109108927239927
A,8.548801924522838,14.927079416730514
D,10.767210113030876,20.480252151739734
E,10.64440825065214,11.605517009621199
C,12.417556591853216,17.523841310510658
A,7.481736877226918,11.858116365813762
C,11.488330448059823,24.58079970888805
B,11.204423128740402,24.716175165109338
A,9.728938909076156,10.102120725906287
B,10.69739806345504,28.40303608666992
A,12.08869504019587,35.35232489785293
A,11.772191313877938,20.711055321265665
B,7.713056725147897,16.607162542824454
D,11.667140243157503,37.30485829966162
D,9.884948812449283,12.55861426416754
C,10.162017196301212,20.55636561054967
A,10.162667542913015,21.509088784002
E,9.712631648594597,28.470298695486846
B,12.415486740132522,22.58485275342219
E,9.84662132637942,17.458139938519807
B,7.760334634965735,14.755239606819394
E,9.222621656016445,18.39471482858715
B,10.375153076725812,14.422309345724578
E,12.491031078925943,20.721919070207825
D,11.229947368154104,17.066563022105864
B,8.302155925881262,11.512996411462087
A,15.020721121187886,27.932754276842203
D,10.548530093740926,17.463881825480463
A,12.58403518964451,12.862211339999947
E,9.709667975899869,19.431334315778894
C,11.089491522948078,20.844633460624298
A,11.706033623526537,10.005340839076943
B,12.468835282960105,22.417074770687634
B,12.144910908780275,14.182030641001324
C,11.77195288193224,30.655558554686145
A,9.380615860290602,23.565681349585258
A,8.863672104041983,18.047837489155196
A,10.68515257519519,15.985693153817488
A,11.894675635597457,19.809348324001604
E,9.566652527232652,24.096228261530875
D,12.160628450741592,20.28401175943895
A,12.940990399036203,19.13927641540691
E,8.169655468693179,20.784899902851222
C,8.329577372209792,16.82967350398862
A,9.732506886044982,18.386448121579086
D,10.634809856118489,7.978686057828709
B,8.958696531465957,26.25194946485344
B,12.738743986762513,22.220875727879356
E,10.869363077475661,15.816739969317965
A,10.094690962861314,31.776651346500145
E,7.123139430489201,20.955991968043215
E,7.36502308568207,14.247812773703426
B,10.581227265480063,25.55322278256803
E,5.719927018000004,22.81365830562389
A,12.054817324438716,22.792943969181533
A,9.696698202099107,17.893412396165346
C,16.547232081898727,23.126905982403102
D,14.663669921500638,18.872901802213246
B,9.649778723456816,23.756690523193857
A,9.80106376272774,9.058817680253629
C,12.020464630460046,17.844927722746803
C,13.445641055679069,30.72201136135086
C,6.71604556514915,15.854895222101199
B,6.417257459205108,16.829796740966604
B,8.762384282943898,17.76078655967181
A,11.188945634662938,13.180733783914583
E,11.016004879996249,7.247112926956554
B,12.16989239387587,19.059078861210732
B,7.598899752076246,21.247711049358475
D,5.350238052850929,20.12268637661986
B,11.743386950111535,19.570976987303446
D,8.347149460405396,20.69334349833829
C,5.949754234512913,26.545294865701212
E,10.307416120889533,19.29882006142035
B,11.612794137009315,17.00751558354723
B,9.769401467622119,18.757229408021537
C,9.09307614096824,23.89648093024752
E,9.694264358912868,28.86974136326345
C,9.268839954933025,16.68463020141916
B,7.300105249965886,21.02716920432668
C,8.575783981404484,22.45714953268223
C,11.065162231270877,14.508012215233896
C,10.663140273194632,20.558221297615543
C,10.353733044300075,11.682402690284562
E,8.01088695849021,9.870458291545306
C,9.649669773655994,22.6267053055887
B,5.6303600777100105,18.1435497967766
A,10.374713891029332,21.644416629216344
B,12.893136743765057,20.329398407935752
A,7.046154346315906,14.604636593451353
A,8.835108535613145,20.165992262877396
B,10.678101666561398,13.071464163230804
B,12.5386205061797,28.74399125636826
B,9.112459609806677,12.337617250691471
E,8.620961489955649,19.266931873176496
D,6.049583745773758,14.211212620563664
B,10.2235769546267,23.84317202486704
D,14.128234691991402,18.45677276362274
A,10.573874123993308,17.3384920114452
B,9.970367070693237,25.532104427639855
B,10.663953514938155,20.612054824133832
A,9.99289902942846,23.521985455517036
E,8.377727695631663,14.575216264314854
C,11.673427793257485,12.045876337285204
B,10.469951475318005,21.07658749386056
B,10.050714983020011,18.531937955692474
A,8.05073128108862,24.177717923669945
B,12.640666713375964,19.95901708403157
B,11.354033660039217,21.661109621509972
B,8.901588406175623,10.74047278985189
E,12.03303949266195,31.715145322310917
D,9.013070184480167,19.455327119245503
A,8.440187462294633,24.60268172406259
D,8.485103189684086,15.442641598247146
B,6.448087483255943,22.275895993517704
A,10.964984674046745,12.654914788694974
B,6.3270862963350964,23.13629558420972
C,7.541001124687646,18.310189098122827
D,5.834747445198687,20.61062087748286
C,9.841884643899611,24.60499347511784
B,9.712475611416549,13.074814751504476
C,9.357232920426233,16.34808651554988
B,7.915358628125537,23.167690184057374
E,7.65421520870334,32.96810321514364
A,10.95053833347811,19.61156809485447
A,8.906359676642417,23.966893982247395
A,10.652424689099213,19.797380664977034
C,8.23223880832775,32.036522582959
B,10.379922575371063,10.000831880545766
C,12.64020367703656,21.00141094440127
B,11.195850490290901,10.727563005901603
C,9.184587008655662,5.465543064295293
E,10.533270401941103,22.2128979713522
E,9.530510126481419,21.269441569191006
A,10.031111375719052,18.735062406297903
A,9.359418569648858,19.802023639159643
B,9.684248171629488,38.94116301784798
C,10.442422081822421,18.894302516134793
B,8.014491802466111,23.483043635655264
A,7.969133466472212,16.557885299817215
B,7.218542396158023,22.19958220355911
B,6.792094775906941,19.013404781886756
C,7.563481046124952,17.984417541907824
B,10.336417015087807,31.299820634757843
C,8.217054668857154,27.46712590587718
B,11.04972308067176,21.25301007418324
B,10.085157509313092,6.674155040556197
A,6.050427520811027,18.28011625702128
B,11.334441948413229,36.58036454873128
B,11.648288963803555,19.058629315298443
C,8.013476733659457,27.025348695944828
B,10.861557704041424,29.048414644332674
E,8.290145785902244,21.744060453436294
B,10.211959984003235,15.408418862641495
B,7.468382727438019,5.89114557909741
C,6.403700414320572,24.522507042850613
B,9.244198297711078,15.570070881208224
B,9.766034226099789,21.488353007623704
A,9.214263367148627,12.97160815460073
B,7.630454977447124,18.85212165241735
E,9.209793283074799,20.63766807463267
B,10.557632810924021,22.04047830299973
E,9.924819561033027,13.777897333245633
E,10.382819465845184,27.584941212570673
A,8.665544390918711,16.87126752488759
D,12.375225236365841,10.435351285894468
A,7.64628039858833,19.785125199718042
D,10.997246749345381,20.641587614204056
B,12.395715281939195,21.39541335777335
C,10.983848382897973,28.57174191300652
A,9.607330735837467,19.024064896851336
A,8.9511837815469,19.72183837093454
C,12.102049025635893,13.847405226366316
C,7.14919131993574,25.337110920956178
B,8.06128885120716,21.53708108732618
B,9.214508945544548,17.92762268314611
C,12.50802821999854,9.060428850516303
C,10.780138930690232,29.063165716247582
D,8.065475212343044,13.103843630311472
C,9.390241412333445,16.90481424473843
D,8.777916527728731,22.57652418554532
C,8.585636442572198,13.28972292050086
B,11.98684495727778,11.516150030997789
B,7.252378525512004,7.750800867977487
C,13.255524329261704,24.742500049742
C,11.683397254402664,17.180101650090307
B,12.212370709781306,37.919674167251486
A,9.082821980661791,14.497398563574258
D,9.713240457383002,14.93282482188134
A,7.1286937999083415,17.059415078576823
A,8.958504397502267,21.888422470252138
A,11.00952193175718,17.627944117870676
B,12.62567181944269,24.09348966236959
A,7.785288248559011,14.59156651878606
A,9.279065312401354,12.18459118376905
B,9.710504267189751,9.696270952740122
C,7.203946745554237,7.155771704611107
A,11.206290585535768,17.342061831860757
E,8.55703317948469,18.63864458077773
E,9.621699248661356,16.664960726794952
B,9.104957488993998,27.86263607377637
C,8.42541383390395,27.770803928855475
A,10.001050227693074,18.436635468543333
E,9.580975211318163,9.721915039704758
B,9.266271704993512,17.051578212167687
C,8.548027445740503,16.853788075895434
C,10.658802110079508,16.51147739094705
B,13.345830438005546,16.269085977339564
B,10.296989979992052,16.533409154279287
C,12.021545612806285,18.12762163725348
C,7.215159933558542,16.640448774232286
B,10.332990853668502,21.680503646522734
C,7.805003499963551,22.58861393952954
A,7.040529309037332,14.99736429383894
C,8.526053781026908,28.02783521468561
B,12.415873124314418,14.582763441434114
E,11.928689676098028,10.773811309630458
B,10.504681421427074,22.71051073721152
A,6.928190252204736,15.554230775498894
B,9.619906073366636,22.355221412509177
B,10.622901025332634,6.080140740870858
A,10.36879149082089,28.75285209843953
B,6.301610231864341,24.45161354103217
E,8.222028886141057,11.474540335593533
B,9.886179121920643,11.604142196995104
A,11.095396260303383,30.424043453244778
B,5.5919652799272885,16.03220692187397
B,9.688701864536142,15.454030269166726
B,10.303357708589289,6.902068289649051
A,11.726463861197274,18.341221973520717
A,11.410741005416904,19.076200996786188
A,11.188610757563996,24.7096277506041
A,8.404060086029965,12.080150163025934
C,6.172286223299299,11.35622179304219
B,9.223582592524227,23.129694652315955
A,12.03265070932191,26.449068009862373
D,12.82183033782373,11.052422452022428
A,11.446373921957926,26.895722583199653
C,10.879985491086906,20.660500027554246
B,10.779881147643527,26.957188059649585
C,8.895147419136814,20.016880120839467
C,9.753282105653847,5.371735427872281
A,13.376953205089537,19.528638340014655
D,8.116810714606547,26.768086647091888
B,13.267604915883531,15.098295569648629
B,9.366634970905755,18.119120527348713
C,12.684824731490599,19.384303904922888
E,7.1817393990643446,3.1186581136787446
B,11.195323596927002,30.418558648832498
B,8.53129306520538,15.052726701862746
B,7.164715652997392,23.45683034517445
B,10.455394430765057,19.91844714216426
C,12.048441370141138,27.947526102816944
A,8.313422615300183,22.861486277925444
B,6.996035222668385,19.033170506183993
A,9.830252931931987,15.09967480030386
B,9.839134083266044,25.201516300765476
B,11.11962359367618,9.246973210996106
C,11.927841211520496,24.293919209919753
D,9.895570143421866,13.872129554498514
E,13.752454030968915,27.91565995724804
B,10.466876353476785,21.399654553587563
D,9.31749365808561,24.283367711919723
C,6.769342714948495,20.925963755951617
C,9.486210780032351,9.970040600217091
A,9.337714581106294,15.295491849844318
A,11.949412935851928,24.4521864894297
B,10.94673921269447,21.431645408681494
B,7.639843690185289,27.489851281054285
B,10.362181450727581,22.84487315249013
B,11.367786959617193,14.66255975526715
A,13.092884805947154,15.68170980597452
C,11.802783016909938,21.050961651380856
A,11.547679444017026,6.615431717785235
B,10.136260366410848,30.43106711366198
D,10.797348352745797,23.074651831155727
D,12.53189789556356,27.764857539076395
C,7.330860353011358,10.995971942420642
D,9.311425461655842,27.869560479489067
A,8.459190209015055,33.76411525687551
D,10.778901216429896,12.547207462913903
B,12.49306009033748,25.043547715809794
A,8.812859283055017,20.44290709268645
B,5.200869578167501,11.212001226816104
B,9.184975882064588,23.380073786238377
B,11.85508935102691,25.415051494897636
C,11.098093159522165,16.8459928923278
C,10.877660033533747,27.399824069197393
A,9.451298389275339,10.481376417175325
B,7.439112809838319,11.508705979558611
E,11.053106522278897,21.25211865368831
C,8.334892432276934,20.587893807032895
A,14.414282022239677,16.156475195494465
C,11.1643121394639,25.271656861652346
B,8.845741844590592,23.607094135901775
B,8.783833816897095,25.56159426599942
D,9.828038518515198,19.70083388611496
B,9.5328530616331,24.035245246281455
A,12.264681757599533,17.774589436375816
E,10.39070504275941,32.702903403007824
C,8.541642435577335,15.583271704182668
B,13.822822237812904,33.01036502228127
B,10.114552813206014,20.644649393316346
B,11.563778383218166,12.220909507048718
C,8.790195911795381,28.607260612886506
A,10.74659971603149,21.18823574335094
B,10.641853899287183,25.519696681737123
D,6.209251134558588,27.745872582323024
A,14.074254288084727,22.454749220000238
B,12.614758083746644,16.899063619372594
A,9.2152389635816,26.263817886370934
C,7.795131427815525,20.44079018293252
B,10.715271998492161,24.532628260674347
B,10.189859647879558,7.572919148663006
E,10.731601178491088,23.105918246023585
A,10.401100394402858,16.62226385947078
A,11.034871985602944,30.310825363730004
A,12.93029329200555,24.157725712448322
B,11.159470178134208,21.86885082089623
B,7.901103050571667,23.340810080486172
A,12.759610664722032,14.472995814440418
B,13.319641373809104,30.131331309410353
B,16.363873788063035,32.32992521895111
E,7.752383063835367,22.78299079067414
D,10.504434270440674,29.93511294436153
E,5.821634097939817,17.036986623359372
E,11.129350865070094,15.675441995394927
B,8.911096158918339,20.680704759667012
D,13.889298631430291,23.0340041588181
B,8.455068865034468,18.08315528328641
D,6.613015089596223,23.64814900861889
D,9.066055949351565,22.266217881593526
C,6.036361767343594,14.473796605448502
D,11.52804737197291,23.53481800125186
A,5.855905746155879,25.593781600869303
B,10.072556810147155,21.460394492154006
A,5.830268413858742,27.32057719905613
C,9.370120110809397,13.165219029196107
B,13.325207592266011,23.23115581224145
C,10.741629388350495,13.446666105053302
D,8.276056246076605,13.782322004933654
B,9.952391998672969,16.667984016613705
E,10.051527924095671,14.809734671899376
D,10.967175971654074,17.163321204675235
D,7.262217051408396,19.15724494365573
D,11.208743853571958,25.43626185808792
A,4.568258785171447,18.518125237401584
D,8.746573917096581,10.965978972261539
C,9.031795489965903,27.245440430682997
B,11.290838658420792,15.43667818158066
A,10.060821054636317,20.08556456220903
C,7.184260993351822,23.103259186954826
B,8.031341107922369,21.628469867144037
C,10.415405940596157,26.971368243206218
C,9.855988249101719,23.29716923094074
B,8.848811758594666,15.292025258817173
A,9.046780681431779,33.447945609234324
C,11.417408588546758,21.596952756026294
A,8.97254250997064,19.5562744631955
B,9.837812988414324,26.193413217226393
B,14.385761729410119,21.92614711188641
B,7.147765900755503,22.82070582598511
D,6.285398247043234,35.321081494274345
B,11.593486694238011,18.79308920173704
C,8.648368219120227,18.538420976596903
B,9.37426976437798,21.132553986108395
B,8.441893655957466,26.83600768638535
E,9.49196992588229,11.438361459651107
C,13.234894170336954,8.696810161476169
B,11.63082612947972,16.92967659397565
A,11.751865036958035,10.677519084224606
B,7.162782367849173,17.89893260889857
A,7.696672983086549,23.43750460511439
C,4.296982368567193,15.116196363338625
B,8.385046119376268,11.91442173215219
B,11.942158845818895,20.850400572169207
A,11.056434246622608,25.587900041527053
D,9.569084457103312,10.312889345803258
D,9.97032416071279,25.3351930935984
B,8.627738588614543,25.317716120947907
C,10.427649546167178,26.134640973875353
A,11.55781376257047,27.71376568585346
A,6.760642849404666,33.58801339883385
C,10.618767395592482,18.309484545629786
D,11.893279441835931,21.090704425201388
D,9.179176122626137,17.94906007988392
A,11.426537838511486,20.448084734992143
B,15.684303634686868,29.591508329276976
C,9.805080348643054,12.403052161937696
B,10.807408993449295,15.293577581027886
A,8.528700992534116,28.66162069257333
A,10.38030207633241,26.52854195015954
C,10.942283971572722,18.26743988238794
B,10.407676397625199,25.53927426457442
B,7.961446575722231,22.474221599213553
D,10.430877963708664,29.39680924477903
B,12.960284084958605,20.88129341010522
A,10.918847902179643,26.56196223979683
B,11.952801484063789,36.215942809156566
B,9.53786813449624,24.00848137726117
B,11.525632003724528,20.730894959544706
B,10.577719845112066,24.75116050431248
E,8.099987290384943,18.25460351496299
B,10.656780602025545,34.69863986856868
D,8.017839349856969,21.511769075612722
A,8.740540159552086,18.806157883024042
A,10.396570449778842,15.445046554075557
A,10.613926620116029,26.98952877637791
A,7.61997769041213,25.61563634015154
C,12.13809806444047,17.465782018353956
B,11.167331452678924,23.87918779364761
B,8.595829032669382,11.426285244381608
E,6.918352792632953,21.54103202404663
D,9.72338386936235,23.14040779782757
E,9.117053630849387,30.633465931007066
A,10.243118648765606,15.83248994687262
C,9.283877610924451,12.801196370045359
A,5.971972047074632,15.088250013592482
A,9.23306069647036,12.453496594543244
B,9.399684824108958,28.419589801919543
C,11.291511776151282,29.68567188713947
B,8.608978768889292,22.348801513974394
B,13.396299166228184,27.730576930734124
E,6.16495800617521,21.23635688800196
B,12.65609403116628,19.868214569796958
B,9.563433412573163,18.447179297523135
B,11.746550488918018,18.58243841422621
D,10.175969812910107,11.19188727324523
A,12.3104462076959,22.01456430721855
A,9.235044556037993,20.195379766018856
E,7.802481602418451,24.888014967699377
E,12.876311916409499,20.99485573422373
B,9.786675577019171,19.464514662106684
C,10.461486011184483,15.23299542099345
C,12.502183546538115,20.867219845966133
C,7.936753568051859,24.845469233288227
B,11.21463239531381,13.607578037187055
E,8.827118337025341,20.95872307582486
A,9.749034192433328,21.828148819989497
B,10.160818525203174,16.147568294494032
A,6.993606388176364,16.925250696899283
B,8.44656508558121,21.81362285717532
B,12.736468456404552,13.666814063778247
C,11.800138917161096,22.52623018938264
B,9.889075808954816,15.088689520468325
A,10.504920571414171,26.784271626940274
A,9.422598721632653,34.39917423436701
B,12.747567275131196,15.295326777455823
D,9.611704707418314,23.626884614356694
B,10.482198497183667,16.095743370516736
B,12.323486873277423,26.65347468576394
B,8.449516901520026,12.87940283054693
B,13.154834889108809,23.30662752088519
B,6.932700178940408,15.222269018822256
C,13.297541531062194,19.200042890871018
D,9.264624752177983,14.278382283559951
B,9.526414257079141,25.347843481625326
C,6.208524279218242,15.437333848045286
C,9.099226609531426,23.732936367518075
E,7.920940096177083,18.381119961832358
A,8.791364430324764,19.752580821687385
B,9.73867835046766,21.31876391641385
B,11.9443510752851,15.886208241773412
C,10.433378660316315,21.69271524194452
E,10.634938730289056,29.576345159237125
B,7.808727475070013,15.789033452516449
A,8.241291484428782,27.43502428774992
D,13.638095484031805,29.38380705349429
E,8.534453430039905,15.56171530434241
D,13.351049000981105,11.7458271745004
C,9.525684235598236,22.239767759092775
A,10.019847891985057,17.166834857788484
C,12.171088190042788,31.596686558934323
C,12.576989146236157,20.64416915738724
B,9.79204943308362,15.645066326188246
A,9.23326993333005,13.58475962209337
C,9.902608969598296,26.945837861214468
B,10.695928176302772,17.02482776297967
C,11.810436124222846,20.69804947617053
A,10.023759165999541,26.144899758200406
D,11.26175363988307,17.543999228128385
B,13.3150998634476,20.161963588180434
B,10.78324466248253,20.337321455392008
C,10.642947296599944,24.517497845473237
B,6.955964492242828,23.96455402488324
C,4.716622192234938,19.12162785281136
C,10.7974767004138,20.81642785789501
B,9.824251915136342,18.215792682251923
A,8.978403406169651,11.611098578536149
A,10.505739807761561,21.974823225705173
A,9.893579085019343,31.737571345677217
D,12.2867293191749,15.158182045201222
E,10.188677696985724,15.819285097339717
C,8.510843360771986,15.235774220390791
C,12.009557593371062,24.76397048550519
A,9.577910728480896,23.114899457995612
D,11.075750036939883,19.489396544134294
C,9.05367519674749,14.95332253690123
C,8.706407579207443,20.98800693181451
E,10.184764982423946,11.091424828591096
B,10.041078186965553,21.292906522276567
E,10.981670998948237,25.641539321413312
B,9.474153762656707,12.963373159395564
B,6.316582828549258,11.283168099347137
B,9.143579306111866,29.869619406432527
D,11.614088773666024,16.78248577975489
E,9.416287314865864,27.220833339359817
C,9.518992904509098,19.516512284286836
C,12.001924599913846,19.468987446077534
A,8.581237121716851,23.05473898187788
D,6.90784224245759,15.156511414716231
A,9.691708661999659,21.22762951189187
A,9.04005318049074,18.15779638399287
B,8.069099505681232,12.5495063859202
C,9.66200569335695,22.451921319579206
C,11.005193174999706,18.86364716804364
A,9.996531386562646,19.498432266690273
B,10.633537744264219,13.20847763346244
E,13.667668227032243,29.941066421399466
B,9.324639055001192,25.672535892480504
C,10.575868454855534,26.19478966794945
D,8.989620693473995,18.611980590747663
A,8.310566020473797,10.108570177866554
B,8.837162982486635,32.10026084028701
C,9.050960428426933,20.071367222647904
E,10.739268645560038,15.964000538236277
A,14.746570343565523,22.92566450235339
D,8.573039214804082,27.407016671743236
B,9.176104549519616,20.298606226334403
A,9.88810210919169,28.072688452919216
C,10.812427785786326,26.90459697550713
E,10.546063800495247,14.007489825903303
B,12.60156825441946,16.41200297848512
E,5.128184458263527,26.155258734055675
A,5.2076662351481975,4.234943826594186
A,9.01647942496866,19.543639640025464
B,12.225338683246825,11.89050373311142
E,6.861829948590471,17.590015381604303
B,3.9574943043401474,18.6515467182737
B,11.165666029521834,18.29662955624361
B,10.505995640856858,17.137845502136646
E,7.8194244530995505,13.883484064801674
C,8.030240439535602,34.124933741599534
E,8.062055307571146,31.58987054485493
B,10.237871573818023,13.495730286222631
C,8.753762883008301,29.885619147746162
A,11.01034585227072,18.050432579156066
E,4.265666756966333,21.207862195126076
D,8.289433535718823,20.058368158745807
B,7.747227051289878,16.49586694710166
C,9.498937713178893,26.31242862697397
B,8.93154463585191,21.188147003631798
A,11.622196253920263,17.590029585713093
B,6.270304318754706,12.644494521430538
B,10.106865192395203,15.099197463410668
B,11.139798665280786,10.632980514441998
C,13.75475843443061,20.50928413765375
B,9.044903151850585,13.289079889105476
C,10.668739665607724,18.850192671440457
A,6.382035808423577,28.61934020326487
B,5.197542573430763,27.59920749533331
C,11.716720307804136,20.24350105357106
B,10.004040581600274,19.916156114792162
A,12.388910758014996,31.664005640457834
C,7.249035563145011,23.546542818253016
B,11.062387240319007,18.47842288839076
B,13.779271140908268,11.919250333619287
A,10.86057897147771,22.78872273480113
D,10.572309237276237,25.38949218271179
C,10.03247271454227,16.663679623078743
C,6.851289179044695,22.1755137246541
C,12.745532102988946,18.264802097527582
B,8.784896484155347,19.33712700673047
A,11.031331692998895,5.577526296403349
C,6.867094315712174,19.111667521971306
B,7.6396613255796595,26.2259272993751
B,12.90568411665212,16.66516661356363
B,9.315729722357055,20.749996524714405
A,12.942317164261095,15.921291050760757
D,9.85767343227804,22.589049702317908
B,6.305428629918666,19.143072653610037
A,11.81197473968604,14.82656928203898
B,8.827123248884956,28.39506698663263
D,11.422485826044678,25.984411783095293
B,10.066017525282977,16.823415224553223
A,6.907207773764153,23.40936540425158
C,10.34614978452089,23.646021644941353
C,14.438706116896407,24.272482462889222
A,11.008175712967002,10.317174936092787
B,9.899391799813989,26.448330214141762
A,12.181114987707803,17.033697131985015
B,10.439552180527533,18.29911681003985
B,10.437267690365166,36.19127505012646
A,7.816570911552283,22.23924504093039
B,10.486238696914562,18.1289304742337
B,12.100751457010025,7.264949502960896
C,8.331306602049452,28.736775024406427
D,12.884351362009824,12.401886389926126
C,9.830532371920585,14.44314448636892
B,8.227161552588786,18.457245029746524
B,12.024594719075257,28.89593067007423
D,9.437600463074615,25.05452648923306
B,11.5449971000837,19.493578450515297
B,9.427601551376942,22.27758122918205
C,9.894742414350238,16.850417747245544
C,11.009331308368374,21.270372657311736
C,10.601142538515703,20.874288458700853
B,5.9959906411481105,26.222347286246492
B,7.75691543395547,26.212840270639685
D,11.88718694508947,23.386604282555982
B,9.74910018872649,18.27212292940602
C,8.960379757295312,24.866881363132553
C,7.278902758124232,19.886987517323526
C,7.840516535090442,13.974442379396265
B,5.943085920957944,18.027603523824713
B,9.81124774688895,20.94112321508554
C,8.809912027324359,25.87262733747796
E,8.068411538760397,19.340138550227078
D,9.878030657726672,13.214224655749998
B,10.748321798573722,20.775172891045916
B,14.23120053738693,21.113904728270743
D,6.970118560524822,21.546210584704845
C,12.35037724378368,25.930297107975267
E,11.975187210744116,26.52189285927392
B,8.446050080932192,16.88729744417629
C,10.424582180236701,16.756303010621462
C,9.093509453316685,14.223593074222213
C,10.389239587414291,24.610020250183414
A,13.054817159704395,29.089492393474615
B,11.235005937387864,18.554421353990413
A,11.03964019111374,18.994311057246623
B,9.148543243631062,29.196774809247906
A,7.02616510340895,23.455769736332503
D,9.59535881424295,23.04173667602453
A,12.445498517100727,13.32341684855698
E,6.939333804401485,24.490045161312118
B,7.890158562404141,14.886923541796726
C,10.269558620839979,13.663235478603532
D,8.032022568693371,18.365151941589534
B,8.418998966024994,16.93757563151745
B,9.162059504606328,19.112752798065046
A,7.264716497276076,11.829879316625592
B,8.053237216406817,26.16289853721783
C,11.432030969131473,27.171490445369436
D,7.3820344484493265,8.805591511891508
A,6.79692659971194,26.280209241060806
B,8.746291079320047,15.595319264605077
A,11.48948907293582,25.554644949891628
C,9.618614704256387,20.02747471961996
B,9.07951566249877,20.60814261012154
C,10.104583836462368,19.33076469945078
C,6.499167931943511,27.675833676665277
C,11.01163838592863,13.032721691694547
B,10.787525520831222,24.06666151428017
C,9.190841557728765,27.014075978897218
B,12.04129671371792,24.714686440946664
B,7.744322406006443,34.32076105433109
E,12.286988622814437,17.27709348581355
C,10.326409151234769,26.153871057424794
B,9.337380952559029,19.80264153208902
B,9.975211732136891,27.80291179929764
B,9.799195132155734,20.390354592393013
B,12.473041146446864,18.119653205374696
B,7.846674103441887,28.23691708975324
B,8.479431170586418,17.500377866377526
A,12.102482547818527,11.99864019498985
C,8.815758315971458,17.34936115602321
C,11.829025263884535,24.133510418828674
C,13.438115024597348,28.750360392493988
B,9.205974574266053,21.100008503861226
D,11.387588127552212,28.30933397813027
E,7.691560038328395,12.324450209211019
E,11.53536638461347,17.788845052394976
E,10.416904401626,18.71273577769074
D,10.96799760610519,19.752060873477383
A,8.714977302420191,20.938539497515205
B,6.669611222070616,24.56280860797567
C,11.028851920004103,17.7796271096885
C,5.859289261043898,21.26663977034616
C,9.37605636413927,20.16677713127562
A,11.910896978009855,14.906313190257588
B,10.401745598336502,19.757392837598115
A,13.939443982095282,19.578257771037663
D,12.079936965031697,19.450318621389396
A,8.69820706639804,20.625964189109755
A,10.070252246433615,20.888245191911224
B,9.919829220784985,17.854354171817572
A,6.828539028239248,28.03768645909669
E,8.121159388860342,13.451444641445974
C,8.88579753140574,16.13021596818806
C,5.914038496360766,37.039872411996924
A,10.110897452984123,14.236776715624025
C,9.51357804785183,12.350850549340043
B,6.645823435663387,24.823009377588015
C,10.829374661068867,8.030483889326678
A,11.457096399500166,19.031082257602936
A,10.472515366441261,33.252419306825544
C,9.36252611559443,11.209002543131183
D,11.206477717811884,8.598808286849234
B,11.385288065876,11.48227691877573
E,10.63438870580864,25.801814974849364
B,8.354368127298416,27.154112737455485
A,10.572348029149511,17.374792976860263
B,12.423086340748256,24.51682827278124
B,8.813554615381271,28.739708724238817
A,14.240750320315659,31.111372639728764
B,8.956553663894228,18.965017176283496
A,10.08051145745068,6.690521252277058
D,8.660770119621631,15.533501167310575
B,10.464934921706183,17.887149591937707
C,6.50618864605494,18.889741493540132
A,8.91544364492445,19.31426987798686
C,7.815571849119264,27.11898120949052
B,10.287827960253981,28.047921650244074
B,12.018180334554316,19.410940776853348
B,11.316376467686718,26.997082223338584
B,5.2384229391732715,22.572444041008094
B,14.128221827344682,20.821545841734483
C,10.609970209759915,25.850698202078025
E,8.451273911484694,20.867810006455386
E,10.33171486502803,32.72674890770283
C,10.370107908215747,11.845231677237217
B,8.672123494737626,17.359371128799527
B,10.41386847450636,19.680631815631568
B,8.791715004276117,23.06095042584305
B,9.200804386158735,28.00929127191155
A,8.632988215943506,20.29055510277838
A,7.129661636557717,11.941877313251208
B,10.308972483595628,25.46827143981175
B,11.194105525749237,24.945340177890923
E,11.052279269969253,8.83834411203122
E,11.666671084884136,20.413557296874515
B,10.668501204694534,10.93900599686681
D,8.942264329632788,16.46658656543627
D,11.706427102675354,15.044166498777077
B,7.281030630937698,25.269687472005124
B,8.201175580663188,21.134057062059394
A,8.073220904179466,12.757964511826781
D,12.190606865086247,25.692554693729512
E,11.914132966234611,11.872737521246137
B,10.996733026715775,22.407913547903
A,12.174239700378985,15.574522455925127
A,8.244254880003716,18.252237027854925
A,10.717353608163155,23.448082379442848
B,9.763122845451058,23.550683490588096
E,11.72096553420793,28.421451553875038
C,9.783163776726836,19.9450098753906
E,9.2399168760959,22.266584484739596
E,11.104696698915577,17.82185045842378
C,11.779953320273878,21.52322955765898
A,8.669109402234959,23.06114965695522
C,9.892225709991575,19.849113020555347
B,7.883408697174244,9.663208196250512
C,4.983834290187704,22.416018990466647
B,10.418990320253172,22.613655602176312
C,11.24165078246714,16.37387769584894
B,10.543074834248042,12.765155304290989
B,6.088580061789875,29.251105071290006
B,9.308585339212076,23.371482442692624
B,5.547211560800893,19.068069810991783
C,12.773987997504875,13.645241860759544
C,7.827790772354431,15.527911380510346
A,12.543778628240357,28.216121669011798
B,11.920338744140238,21.258476750630003
B,8.201338785108232,17.147844730395754
B,7.733670000006864,23.480444780596994
B,10.72092887322094,15.572207967248502
E,8.314666138487677,29.400204194405298
B,10.221656512982326,28.51600644777306
B,9.042764917781671,17.649620260319413
B,6.4277652482080505,16.681485583627648
B,5.522799852402325,4.799230733027571
A,10.471809958939646,11.587397147023065
C,8.884192597901134,12.43616845849076
B,8.90124806036308,21.24371488756229
B,11.416795976394065,18.487816318352685
A,12.378698315614322,12.401134938393302
B,9.46630075633348,18.75699911926463
B,9.329231569899296,23.454451551543144
D,11.022589943817685,23.588848073894905
C,7.282202791146975,9.090318176135213
A,10.464697695783695,19.670212126190812
A,11.126806654350364,12.174144767099838
A,11.385307900853212,25.82193741387891
A,6.114379010748737,25.119666167733556
C,8.481775549521204,15.072725656190189
C,8.24630833932897,15.861000724421043
B,10.216424446946851,17.68131694130322
A,10.983519047428722,6.981257120654899
A,13.029800515344036,22.442879401567225
E,9.01831769938914,18.8066880934154
C,9.01306684118688,26.2307398972696
A,12.330822061705142,13.875925338734534
B,10.612582524774554,16.73850772478141
C,12.56844742481228,11.438413852150829
B,10.596773792964052,14.438057866839149
B,7.68466299719157,13.376779050438547
B,7.3301534813866605,26.384824443309483
C,6.890301171806548,16.26584318806845
B,11.348694396616963,21.177928815768855
A,12.409221455979692,18.162132552842376
E,13.740084944338783,12.854276981336223
B,11.71335864680615,19.431087715224443
A,12.357341147525242,24.01447891787098
A,8.84701471052758,13.222821122221433
B,7.686074499472083,25.268780190091057
E,11.727405149908375,15.361239611476796
B,10.85650065955392,17.55161085659333
A,10.231646030124303,23.605832776534097
A,10.795454018904637,16.473842910699577
C,10.666175439855484,20.660697229767354
C,12.601006446479754,18.556757230324113
B,12.623501646899113,21.208940447694005
B,11.111367143829067,6.217089312752774
C,11.718791828170179,9.508330878895404
A,11.050625585994023,24.115198800186683
E,9.086386537557775,26.630941472668358
E,11.53905500523168,14.998310255111255
E,7.2065532909563,18.97879552705946
A,12.137908295890062,22.196516338742345
B,7.609322016749242,24.576585258102014
E,10.590883050946127,8.325784367543298
A,8.312994573939644,15.144319019293569
B,11.129833905846237,18.44991617432628
E,9.94691008204837,24.635848894718613
E,6.803202966203999,35.35838921496547
A,10.86258105668069,19.074492166075053
B,8.851235420441851,12.032972438994024
A,11.789978732010226,22.83886182104242
E,10.017909806089703,28.326049610696494
D,10.811666722085606,21.081402354051676
B,8.086576796914914,15.021234017505074
B,8.828251332372313,26.15798688487701
E,9.091484479399131,24.399366544107565
A,11.740744992927052,14.307913363095775
A,13.393685667598007,22.71437826769487
D,8.393523708240696,26.392540370914507
B,12.184145726556205,27.49522743557597
C,5.645239680275284,20.039405080164787
B,7.60999380509913,18.29761462652383
A,8.084140711206748,27.766286333113065
E,7.291119078277493,13.208480263991643
A,6.825695837112077,23.0557339648498
D,10.847070851606984,12.253664779583321
A,9.58408075099578,26.799337968951683
B,10.779409337452032,18.895076698247987
B,11.40593752415353,28.013010696244628
B,10.550225346307172,23.3712868131243
A,11.340056505072889,13.130479814007556
B,9.875193036392666,28.9450011477701
A,7.624487469361089,29.70123629678389
A,12.145808957346748,25.70581701614975
C,8.828694638405482,15.887622591630008
C,8.130832457948031,18.608580680067643
C,9.656890986000914,21.30485559610156
B,8.176725044559019,16.233301206573213
B,9.174483025626362,30.543977136298338
C,10.70820707029232,21.298281288858878
A,10.716843268108029,4.290277025154992
B,8.206898344455649,22.4631123964349
E,9.032940458208893,18.356875000817876
C,12.179079922175127,19.988771930346704
A,11.01505124697445,18.23466396400294
B,14.19467863713091,25.256438576015878
C,12.39216454349127,27.123718555463086
A,12.31998818712555,22.126839513636224
C,7.219899922738975,18.409709821281243
C,11.553749405045043,20.189387494557067
E,9.908276004058532,20.55333839944764
A,8.90549386134149,15.643688855864227
B,10.353643485388076,23.893983721813285
C,11.91901323066078,23.183923950514284
C,11.023976785000901,29.63670823006452
C,8.24588426844001,27.933972637758394
B,11.510644248496892,16.341019819892722
B,8.73105913828601,25.335587142684478
E,10.451666440862006,14.756619200184598
C,9.404254959958047,24.592797860721873
D,9.574415866733558,17.350750885598863
C,11.558548304762061,14.324801594754735
C,7.920160249825997,22.108875028023892
C,13.933104383819439,4.462173774250516
E,6.347345988122941,9.97841131480964
A,8.811462696242407,19.376190851104095
C,10.760892470206915,20.928669059270124
B,11.19212106933075,18.230486705516878
A,9.812869113188777,11.002945794783532
C,9.899647694315004,15.551341785559703
B,10.842138610006634,22.77281239534669
B,9.549837053191277,23.911024262012514
B,12.82127993890129,20.339383745735596
B,11.705793156647948,27.345576553785023
B,11.773216444694295,22.809768993801868
A,8.069279963933662,15.972028553294752
D,9.85534154895126,18.760952911230834
A,9.410063933647683,12.05752759469752
B,7.98983353094358,19.79040753863453
B,10.74065514133768,27.07840353177785
C,8.932354315253729,24.52923741650145
A,11.33530448834276,28.80991058674169
E,7.859740864944593,18.627267198546317
C,13.477601186060594,28.47598564474896
E,8.209914309969708,19.281750145245834
B,10.456941871974989,29.22545834612942
C,11.610142788424385,20.305736360892173
B,8.86589894355299,24.66028383208796
D,11.73221751929984,29.24652536852815
C,7.539511142929198,19.281013114382812
B,12.939985257746105,21.740626639946107
B,10.043738082671195,28.134136038415633
B,8.813992990831322,19.64190392041484
C,9.412650424333554,12.547124281825198
B,11.644503666520452,33.23558930992163
C,8.838074094914642,17.630565336846516
B,8.505940167793986,21.384463309707694
C,9.569037458254599,27.340636551939355
E,7.644691705241075,16.80199069423528
C,13.68204143989292,14.416691808667089
C,8.874450591054178,21.951747746004276
B,11.690219286775601,9.726960181269071
B,10.437138491108682,18.716731683811574
C,8.032265742713118,21.89979434438486
A,10.003246179624703,18.82396471507935
A,11.594318758218208,11.217871719873934
B,9.636057973249807,29.9576558299637
B,12.418317488609022,21.054669219407074
B,12.072698686067628,28.98396865575112
E,11.866048448391654,18.883186848541374
B,9.08943382658814,15.180323401478532
A,7.840302783115892,22.043986241753448
B,8.779397994170113,19.147468908224276
C,10.410493352678781,13.401986611601746
B,11.114521989978366,29.21470275648368
E,5.641424954952751,16.719710330552797
E,9.998898707618832,9.445113540157136
B,10.333651055477619,28.368874690235348
D,9.456231071462858,17.424310448216712
D,12.616025729462288,16.80599239872612
E,10.864757203656648,9.892334212054703
E,12.654129072194754,30.834214837733523
B,9.580268370944513,12.734733590402872
A,11.903435908471899,20.785372871914106
B,13.308466671849658,25.886988672377576
B,12.657153362806024,22.95502194405278
D,7.815530774920821,20.07998684676282
B,9.504304550477457,10.272918238415974
C,9.320035081257398,15.60012000029765
E,11.00065915526094,21.55793304989419
E,11.397641082070049,15.734806572798936
D,8.325605579039308,21.650861371168673
B,10.151874903971756,24.508054560680236
B,5.9468549674942315,26.184916979490552
A,12.919496188747372,13.11280614481931
B,8.983254292108674,33.55595329160885
B,10.12775662327464,25.020120511671976
A,9.391566688799175,20.42603989927359
C,12.323481698732962,26.94363770077529
A,4.300149011233163,34.563898540850104
B,9.981784409972235,11.84338653825949
C,9.802107572646577,19.09087549551593
B,9.101559629708163,6.230870749218489
B,13.492074547964183,21.586907266571256
C,8.228047873393212,22.618629367000263
C,11.569733144281217,20.202378420652444
C,10.732777105113815,16.527014445369844
B,12.556096293607732,8.195359367985082
E,8.67143795162631,22.667242947868857
C,8.538949228686397,29.128997374567682
A,12.22286074626169,16.90636445327638
C,10.87188968929001,23.064577215364437
E,6.903543842506149,11.070388240476046
C,8.929012366037162,23.16702592769552
A,10.793462398842372,18.08676502065309
D,11.702600985768157,15.882664827403723
C,8.647184735994554,15.894934383695464
A,4.14556588026235,18.08539559864643
C,11.069076240209512,22.72039683985181
A,7.557362141067517,12.59925954207624
B,5.952068596809291,18.064469124559082
C,4.3105832152603485,20.188583743505543
D,11.654698339589485,13.872162565164007
D,10.274291237264485,31.16702997421364
B,9.5607397029187,15.338695704840113
A,12.81290743569908,16.438002827853097
B,11.298890839280666,14.593241474090874
D,13.270668906537068,31.177869548571735
D,7.210097337423509,23.7385563950916
C,9.94565045268297,14.842393876010835
E,6.758977999354004,27.04335001600913
C,9.553235174156992,21.634969697369854
C,9.514496470179514,21.97274812976101
B,11.277317461669355,18.3788552706431
A,10.107011024685228,15.960320279831368
C,11.270859174129198,22.453617681629403
C,11.432055574382135,17.180693024895017
A,14.355533931687425,31.28702194700564
D,9.38019304707439,12.855317172936136
B,8.119903009977428,29.6111188478544
A,10.510882695182646,19.771415534816654
C,8.399348001051447,22.222595558468775
C,13.000092908905685,25.412391073248564
C,9.444803367959649,16.672054570887408
B,8.876098594572746,25.59808271784663
B,9.06595125426659,4.265217165069561
C,11.462221698884111,16.13607254620912
C,9.69751767101216,14.917225696482761
B,8.722842965204375,12.949595126783453
C,13.369465480046907,19.15243982817969
A,8.290807217773397,22.740205859212615
C,10.086874198377298,24.632980862537288
E,11.329065379306408,21.87493696216337
B,6.7295280065452125,16.46036092801828
B,10.982544053433536,22.640263273159196
C,7.890121689218667,21.178585861489342
C,11.672426501885266,26.02696146623983
C,8.076340902578947,25.076605475294805
E,11.41056264989869,20.618301095978342
E,12.242524961742092,15.077349759032593
D,11.750279948814768,16.536471541579516
A,10.521422673985995,17.152609112749076
A,9.54937085295801,18.553319971743875
A,8.854259024853262,22.037234267837132
B,12.978086430399665,24.70772424517172
A,8.606369379093813,20.130966635004377
B,7.926459718151434,20.532584657906657
D,11.355375448906042,21.292188247006198
A,8.41172121773444,17.354984771775044
C,8.101693721394566,14.909285429344296
B,7.107641271045918,9.951759670985698
B,9.042599258769295,16.28443283176294
B,9.848641364059473,23.262183624979777
A,10.504856661533507,16.238073078136736
B,11.931288733583337,19.015952915311637
C,11.076477619191179,23.222082637053727
E,9.630799327384088,23.54614490052022
E,9.616048974983478,13.988666211270017
C,11.042760262379149,26.391308755069858
B,12.578354200837328,27.16948242838119
E,10.269652203599406,13.688143159632546
E,9.070351847877944,15.51583454888495
B,8.015484158483408,27.550179128019277
C,7.104416653514908,19.559181356834095
B,11.35718964521288,7.178444988995858
E,11.179360297179672,12.076548231542727
D,11.178121613686217,18.9468942710066
B,9.756103586051955,13.489896076878592
E,12.848981173291829,17.967065436258867
C,9.040164877105486,20.629767280873338
D,11.939270693924549,29.169731184314067
A,9.937206697691535,18.701514473273892
E,8.789945642278981,26.842134755693927
B,11.208669398386233,28.969682474904317
B,10.84029776757455,29.00282743000924
B,10.734227215320242,22.13700147128608
D,10.17894454962973,8.710348501338002
E,9.938918327259936,23.188597753583643
E,14.825717787557982,26.69794491397601
D,12.400479798196013,19.952096921221262
B,11.471102922638217,30.855969316104748
A,10.240417106150518,25.57171477030108
B,12.043779502192635,23.83034410973073
B,11.058545573863194,26.924788958800278
B,10.068019333690374,22.427360677633533
A,9.403823418137845,5.547732357733686
B,9.852262127598113,17.45512344589237
B,3.629608168177204,27.586476638043493
B,10.439415973547591,15.612862504117786
B,9.031388158181631,19.10156725886681
D,13.223075059673025,14.195894553838492
C,10.054201067392222,31.090923556926708
D,7.620519581578115,30.479149911927575
A,9.914774873354762,15.1572876226464
B,7.908221799410379,21.31602902366374
E,10.968741086965057,16.37196305287421
B,10.601243862562601,24.109092616898174
B,11.94444778675749,23.48040802535795
B,8.42230546411032,25.28426581810168
B,10.083736237411852,22.41869203321706
B,7.265916127363726,37.968267873885964
B,11.428137395217329,14.296906344957346
C,11.060310760559776,10.219538200913313
B,11.013852648233538,18.08850959775389
B,10.018500634595828,11.071320251015516
E,10.85064386512684,11.522406372660424
B,13.246578097808918,14.455831765388611
B,9.441024431486968,14.9284177521249
E,10.294488338651604,14.734731321668672
B,7.827646325274013,23.53138933198984
B,8.26645419720439,17.413016002222815
A,10.212247835287412,19.364110138018816
B,12.238699093159893,25.77716730993371
A,9.499058266818672,15.859344390381557
E,9.540074488237256,18.85625254800195
B,9.195722243348486,22.620813808488855
A,8.938173295473572,8.84008129336414
A,10.609348882800429,6.1922050758838765
B,6.999576688211514,22.503496187806565
C,12.59521124047699,23.374879473129532
B,8.674996479558216,32.76502701150158
A,11.469243061024171,21.380514379326886
B,7.457304660185629,25.332250509638143
A,11.36236686816154,19.26879906966302
B,11.368619671285996,22.21149541790604
E,10.789070435952151,30.394126356607366
B,8.012337047533718,7.750530695141482
A,10.517860778454402,22.90663989710001
A,7.632417486773081,33.19127072293856
C,9.506143088353694,22.120753780308014
A,12.08860565206401,30.29448032084371
C,11.619896420391143,16.678249019917352
C,10.045820037799245,20.244871166311533
E,8.05185808566175,20.63650728594744
B,11.315533607137757,7.191506264645614
A,10.054275926121251,13.45922574522624
E,5.341835659461122,13.885088125883419
D,11.591553460221096,25.34614491846499
E,9.966431764479193,25.645294408415275
A,12.43712598991292,22.371616016002676
B,7.8092287301916805,25.358310010718302
A,3.616963340054184,19.455880016087175
C,10.577349286781326,27.614927940280452
A,10.602485192231889,20.488767644838717
A,6.610016885021795,20.781876316518577
E,8.04441998513551,18.850000827272492
A,15.56459073101357,24.5242227841728
E,9.399701937951,17.92062824189422
A,11.487481945428195,26.268106206179503
B,8.704729930739417,13.67441047239269
A,5.80510982803882,13.872897013897955
C,9.672318430964301,24.54199888179435
B,9.480279103445822,19.907439182627392
B,9.209835224117297,17.725368612082548
D,9.784338810897028,25.752231478222324
B,10.547508853497394,16.809351854719207
A,9.71288550387639,19.240556996820796
A,7.469374157987748,28.79329855753391
A,10.994476310234447,29.628950463519885
C,6.08896266974134,29.827574246112516
B,5.885564912829483,18.751255069568238
A,11.50404110532213,27.786766853710706
A,11.036441558091196,14.768567705284406
C,9.899638304321476,15.019715010208287
B,7.204632952544031,6.397958892833273
A,8.589419071866626,30.427640733586934
B,9.486035093265581,15.27607682345969
B,6.800910871774802,19.680550093861047
B,8.526744120996536,14.999279975078146
B,11.32911409405778,24.588217761280625
E,12.890010130940906,18.19277042690268
B,9.170445973942819,12.643136074996669
D,11.538901286062105,23.0741491048145
D,6.160084792263073,11.873190238618422
A,11.34345647774599,15.434793280426625
B,8.395987661058221,7.852684175155316
A,10.634271981239113,11.931553907036573
E,9.516235536661318,21.502560123912662
A,12.674717655696302,8.702901331801812
B,8.254017610554257,11.589995505784048
A,11.279316802905006,20.422129268791974
E,9.452276928564128,17.189534458548884
E,9.696392793104478,32.33390426596889
B,9.64493510916386,31.38939768486645
C,8.311948949225648,15.25252919196166
B,9.986842634260537,23.763834741811362
B,9.889058397263915,24.911438483473244
E,10.501127552165443,16.867779092139287
B,10.185443572136107,11.504015163523903
B,11.622499922870862,20.362824196718492
B,11.875300854862745,19.40394077170845
E,7.899153734908594,17.833633344131428
E,11.765055514288152,23.078056996949364
C,7.625810670874039,15.952474560371456
C,11.19925453709782,13.555863993037931
B,11.263470654025497,21.08778615758246
A,6.165609895612423,22.74152057284683
B,10.202511464605191,13.408655097167708
B,9.07163029485233,25.97938642717331
A,8.486992155389405,9.861912500502282
D,12.736024217695071,16.983440763384866
B,8.698648658495863,18.895297561278227
B,8.391096331195934,16.636371798804543
B,10.167698722716704,17.061400946637125
B,11.396102676369539,31.61144641081726
D,9.729941844148469,15.35429248366795
A,12.36445497039361,35.01670450036097
A,11.084690691012586,23.047058704967245
C,5.628051340817806,20.986085821046856
B,8.94882742359497,23.28066820742995
A,8.883619875569813,35.546509599824795
A,10.980732251989362,14.501950048846648
C,4.728531871304473,13.74447629934258
D,15.149262115557491,15.927768389593897
C,11.084792269202978,20.62825581605965
A,10.315096093604765,10.128947263809806
E,12.395063961388246,20.569701054291567
B,14.735650297559044,30.551147599646356
B,11.769031685697957,21.34057274387743
B,11.926267223943992,18.688186374043134
B,10.2784656590542,16.744256344091394
A,9.730189244360703,25.80272362265972
C,9.056928535581214,15.503913826674108
D,8.35134746193362,31.464051376732243
A,8.631507907198797,31.983451024613252
A,7.295052109360409,21.969746169842054
B,9.862425171206764,20.367502895451707
B,6.622109788828646,26.591990617934368
A,10.399769315942823,26.975065008481362
A,9.942065343465707,15.622416319757042
E,10.31118566012392,17.291377718776562
B,8.96360181791358,12.538433248397972
B,16.21241896291601,22.879456714300492
A,12.754682198150643,24.417775661866134
B,7.508576404520005,12.373719832544364
B,10.484264979239553,17.717559512900564
C,8.790639753306056,12.38967693354444
B,7.971951428358302,15.068111325968118
C,7.316167973517741,23.727279131651105
B,10.885777846641908,16.05548711938597
B,8.642855210888435,18.63956648868095
A,11.96456162346394,10.717005284700498
E,12.01684061765997,21.553094482216196
A,12.78247406224223,20.171851270978188
C,8.298426800252992,16.08250006776731
B,10.972685135069867,19.307372148832265
C,11.289081114560046,21.513105997862283
B,9.060185916184444,15.569401078148655
C,8.460795045867075,11.619160761944832
A,13.257014398648547,31.22024119552171
D,10.473444677086277,16.65399697166822
A,11.296157808930378,19.858369014151084
B,8.359476427123063,26.473613363924322
B,7.559449223848105,41.51389232510434
E,8.868297072154935,13.0034653131939
A,9.765445213341577,23.12291324315869
C,7.8717683211857885,16.210355180824255
B,9.995411035793328,17.218302005016948
B,6.614380363553353,16.134743716959733
B,7.759324966361092,13.713197531764902
D,11.366538356724105,20.18966129633854
C,11.23134886700356,11.629671673346898
D,9.225951185939936,26.091175206823436
B,7.965335871171709,20.76478805925612
C,7.9459212386605635,22.95931050497214
C,9.263431057259824,17.651922452032544
B,11.31338006408168,18.24311776238669
E,11.884841913359205,22.153780350489527
D,9.015163066894345,13.48387580872571
E,7.6919625718567985,18.29814625767948
C,10.55471008550649,15.302155171658125
B,8.35653790274625,15.117271746607454
B,8.971414467443035,7.8350702423680545
D,12.684510490519198,28.435532039767168
B,11.68115299299253,16.33586048063104
C,10.333419606266729,27.38465090217104
C,7.4534367283775556,26.8197406441393
C,10.441018669002087,12.755523478179631
D,12.155563582848913,13.935639229590794
B,9.25866680769721,35.729122921806876
B,12.736551433438853,30.89384793754985
B,12.618989413684572,20.248030554172736
A,13.366204440627516,21.973462961522397
B,10.630037304670592,16.668488287462438
B,11.198319604096188,23.018545148953542
E,12.86358869530151,16.15284139574092
D,10.916346707337302,8.297853574883435
B,9.005691904530954,12.543161441665792
A,9.11181867471128,20.562256266601626
D,10.49571903497551,13.680872253175941
B,7.415888575448191,20.034456847975534
B,9.726698440655266,14.017763571656474
B,12.223821908038252,15.763595357624737
C,5.6017820612409635,25.531887988959202
B,13.105877403022252,21.914378722523328
D,12.275840898862464,20.37855617699519
A,9.08921661625774,25.68597295534353
A,11.1096963784343,23.30675793199917
B,10.021579617458805,29.076013340874624
A,12.492593201797199,17.689725088815635
C,11.994485707449575,17.870242470323838
C,7.195323230059209,12.665280208776974
C,11.198059205332623,17.874150106692298
A,9.601079646108138,26.19845690128243
D,10.182074797822471,28.200574859883304
E,8.54861097926562,26.1717909034614
C,13.536205065879892,9.720297939777128
B,12.11005349572682,26.905464639013594
B,8.52524862171559,9.45555221046408
B,7.327168041338648,25.800368148402644
C,9.238447083852806,18.239650119839318
A,10.890382044839352,24.632224227038716
A,10.499044132998973,12.478104592918424
E,12.539204985598483,27.431186832871344
E,11.606236216671984,11.68657819799254
D,11.968072245609662,16.4438679319456
B,10.673567111208094,14.475063676504263
C,7.217019362931646,9.958646337787691
B,9.621078535893306,21.00085264373179
B,12.15039221621609,31.223315201055087
B,9.911466121512916,36.36462045855008
B,11.028526243906976,21.016549932213515
A,9.373240974851791,27.105761930234976
E,7.9410706291041375,21.822484927693676
B,9.766809426751735,23.41590471012566
C,10.63769967100479,18.392762800368143
A,8.694603131065238,21.60139315334601
B,9.540487956648697,23.646420027640637
A,8.123043953610313,16.981372632237704
B,12.269538097376484,19.973435838817757
C,9.422169205693613,20.087298454720756
A,12.941269958764844,25.37204948866259
B,13.094327908193826,14.069300297307832
B,9.85200305671202,20.128437148241932
A,7.9840986002873535,31.85591058411564
D,5.813982088146095,27.38873673845598
B,7.050374055601822,28.494376781510997
C,7.248165590491819,20.582199310010036
C,12.791648886379235,22.353466024844664
D,10.248524820590227,26.422227741846577
E,10.79995164601247,29.755050941773277
A,5.543035779830491,8.780145640247405
C,7.602386400946974,12.579680746122367
D,11.801928643571227,28.25705606532965
A,10.59283841435982,18.782530088153997
B,9.71874997436806,16.424362165585045
B,11.152902427881935,12.94568322915567
E,13.30993982574785,17.121388320892986
E,9.570032705648611,12.060495220169257
B,10.15495910984526,32.92553533105307
